pdb,Ox,spin,method,e,edisp,homo,lumo,chem_pot,dipole,qpole1,qpole2,qpole3,qpole4,polar-iso,polar-aniso
1dj1,1,6,nbo,-3438.4069958,-78.6325274498695,-0.30038,-0.19567,-0.24802,9.0051,47.23710399184445,-0.9960148379270208,-46.24108915391743,66.11031965763165,,
1ccc01,0,1,nbo,-3438.1047843,-79.59394456004283,-0.1831,-0.08935,-0.13623,14195,23.41522291693592,10.597148226329335,-34.012371143265256,42.63113420316646,,
1cxc,1,6,nbo,-3880.3799072,-94.38860945580905,-0.27754,-0.19258,-0.23506,7.2883,23.323124858144876,3.601727738174592,-26.924852596319468,35.803467474283586,,
